Driver_Id,Type,Name,Human_DOB,Age,Human_Gender,Human_Relationship_Status,Auto_Class,Auto_Manufacturer,Auto_Model,Auto_Service_Entry_Date
1,Human,TBD,1992-06-29,26,F,P,,,,
2,Human,TBD,1994-12-11,23,F,NP,,,,
3,Human,TBD,1979-08-28,39,F,P,,,,
4,Human,TBD,1965-03-18,53,M,P,,,,
5,Human,TBD,1988-07-24,30,M,NP,,,,
6,Human,TBD,1968-12-03,49,F,P,,,,
7,Human,TBD,1997-02-10,21,F,NP,,,,
8,Human,TBD,1975-08-31,43,M,P,,,,
9,Human,TBD,1963-02-24,55,M,P,,,,
10,Human,TBD,1995-12-30,22,M,P,,,,
11,Human,TBD,1958-11-28,59,M,P,,,,
12,Human,TBD,1976-07-03,42,F,P,,,,
13,Human,TBD,1967-10-25,50,M,P,,,,
14,Human,TBD,1965-03-02,53,F,NP,,,,
15,Human,TBD,1958-08-04,60,M,NP,,,,
16,Human,TBD,1969-10-17,48,M,NP,,,,
17,Human,TBD,1975-01-02,43,M,P,,,,
18,Human,TBD,1973-02-10,45,M,P,,,,
19,Human,TBD,1990-04-02,28,M,NP,,,,
20,Human,TBD,1972-05-31,46,M,P,,,,
21,Human,TBD,1970-03-27,48,M,P,,,,
22,Human,TBD,1975-08-15,43,M,NP,,,,
23,Human,TBD,1973-07-13,45,M,P,,,,
24,Human,TBD,1969-02-07,49,M,NP,,,,
25,Human,TBD,1980-05-20,38,F,P,,,,
26,Human,TBD,1962-12-16,55,M,P,,,,
27,Human,TBD,1958-11-22,59,M,NP,,,,
28,Human,TBD,1961-01-10,57,M,NP,,,,
29,Human,TBD,1996-05-31,22,F,NP,,,,
30,Human,TBD,1995-10-16,22,M,P,,,,
31,Human,TBD,1978-07-26,40,M,NP,,,,
32,Human,TBD,1977-12-01,40,M,P,,,,
33,Human,TBD,1964-11-26,53,M,P,,,,
34,Human,TBD,1993-10-07,24,M,P,,,,
35,Human,TBD,1967-04-24,51,M,NP,,,,
36,Human,TBD,1962-08-11,56,M,NP,,,,
37,Human,TBD,1995-05-11,23,M,P,,,,
38,Human,TBD,1984-09-09,33,M,NP,,,,
39,Human,TBD,1975-12-15,42,F,NP,,,,
40,Human,TBD,1972-04-05,46,F,P,,,,
41,Human,TBD,1964-01-31,54,M,NP,,,,
42,Human,TBD,1970-04-25,48,M,P,,,,
43,Human,TBD,1962-12-21,55,M,NP,,,,
44,Human,TBD,1987-04-06,31,F,P,,,,
45,Human,TBD,1984-05-24,34,M,P,,,,
46,Human,TBD,1996-10-04,21,M,P,,,,
47,Human,TBD,1964-01-09,54,M,P,,,,
48,Human,TBD,1961-03-16,57,M,P,,,,
49,Human,TBD,1966-08-27,52,M,NP,,,,
50,Human,TBD,1984-11-18,33,M,NP,,,,
51,Human,TBD,1993-06-27,25,F,NP,,,,
52,Human,TBD,1971-02-05,47,M,NP,,,,
53,Human,TBD,1966-01-22,52,M,P,,,,
54,Human,TBD,1989-07-06,29,F,NP,,,,
55,Human,TBD,1984-01-14,34,M,P,,,,
56,Human,TBD,1964-03-26,54,M,NP,,,,
57,Human,TBD,1962-10-23,55,M,P,,,,
58,Human,TBD,1984-12-02,33,M,P,,,,
59,Human,TBD,1960-11-18,57,M,P,,,,
60,Human,TBD,1988-06-09,30,F,P,,,,
61,Human,TBD,1983-09-26,34,F,NP,,,,
62,Human,TBD,1968-02-10,50,M,P,,,,
63,Human,TBD,1990-04-19,28,F,NP,,,,
64,Human,TBD,1975-10-23,42,M,NP,,,,
65,Human,TBD,1991-02-02,27,M,P,,,,
66,Human,TBD,1996-07-13,22,M,P,,,,
67,Human,TBD,1967-11-09,50,F,NP,,,,
68,Human,TBD,1996-11-13,21,F,NP,,,,
69,Human,TBD,1989-12-30,28,F,NP,,,,
70,Human,TBD,1960-01-06,58,M,P,,,,
71,Human,TBD,1959-10-07,58,M,NP,,,,
72,Human,TBD,1967-11-02,50,M,P,,,,
73,Human,TBD,1958-06-04,60,M,NP,,,,
74,Human,TBD,1969-05-14,49,M,NP,,,,
75,Human,TBD,1994-08-17,24,M,P,,,,
76,Human,TBD,1968-02-02,50,M,P,,,,
77,Human,TBD,1997-01-16,21,F,P,,,,
78,Human,TBD,1965-01-02,53,M,P,,,,
79,Human,TBD,1973-12-06,44,M,P,,,,
80,Human,TBD,1966-09-13,51,M,P,,,,
81,Human,TBD,1990-07-25,28,F,P,,,,
82,Human,TBD,1997-11-04,20,F,NP,,,,
83,Human,TBD,1973-06-28,45,M,P,,,,
84,Human,TBD,1977-12-24,40,M,P,,,,
85,Human,TBD,1983-03-01,35,M,P,,,,
86,Human,TBD,1978-10-19,39,F,P,,,,
87,Human,TBD,1997-03-27,21,F,P,,,,
88,Human,TBD,1966-11-18,51,F,P,,,,
89,Human,TBD,1991-07-08,27,F,P,,,,
90,Human,TBD,1963-10-19,54,M,NP,,,,
91,Human,TBD,1960-11-08,57,F,NP,,,,
92,Human,TBD,1989-02-14,29,M,P,,,,
93,Human,TBD,1968-10-21,49,M,NP,,,,
94,Human,TBD,1986-10-18,31,F,P,,,,
95,Human,TBD,1961-05-26,57,F,NP,,,,
96,Human,TBD,1967-03-28,51,M,P,,,,
97,Human,TBD,1976-06-24,42,M,P,,,,
98,Human,TBD,1972-06-17,46,M,P,,,,
99,Human,TBD,1980-12-20,37,M,NP,,,,
100,Human,TBD,1979-12-01,38,M,P,,,,
101,Human,TBD,1962-07-19,56,M,P,,,,
102,Human,TBD,1994-08-18,24,M,NP,,,,
103,Human,TBD,1986-07-11,32,M,P,,,,
104,Human,TBD,1994-10-21,23,M,P,,,,
105,Human,TBD,1968-05-26,50,M,P,,,,
106,Human,TBD,1965-12-27,52,M,P,,,,
107,Human,TBD,1982-12-03,35,M,NP,,,,
108,Human,TBD,1995-12-18,22,M,NP,,,,
109,Human,TBD,1982-05-15,36,M,NP,,,,
110,Human,TBD,1963-06-29,55,M,P,,,,
111,Human,TBD,1975-01-22,43,F,P,,,,
112,Human,TBD,1981-12-01,36,M,NP,,,,
113,Human,TBD,1974-09-29,43,M,P,,,,
114,Human,TBD,1994-08-26,24,M,P,,,,
115,Human,TBD,1996-11-09,21,F,P,,,,
116,Human,TBD,1994-01-10,24,F,P,,,,
117,Human,TBD,1968-01-27,50,M,P,,,,
118,Human,TBD,1997-07-22,21,M,P,,,,
119,Human,TBD,1989-07-14,29,F,P,,,,
120,Human,TBD,1965-03-13,53,M,NP,,,,
121,Human,TBD,1966-07-20,52,M,NP,,,,
122,Human,TBD,1968-11-17,49,F,P,,,,
123,Human,TBD,1984-09-19,33,M,P,,,,
124,Human,TBD,1996-04-09,22,M,NP,,,,
125,Human,TBD,1992-10-22,25,M,P,,,,
126,Human,TBD,1982-09-28,35,M,P,,,,
127,Human,TBD,1967-09-14,50,M,NP,,,,
128,Human,TBD,1993-10-28,24,F,NP,,,,
129,Human,TBD,1976-12-01,41,F,NP,,,,
130,Human,TBD,1976-10-13,41,M,P,,,,
131,Human,TBD,1990-10-20,27,F,P,,,,
132,Human,TBD,1977-03-09,41,M,P,,,,
133,Human,TBD,1988-07-23,30,F,P,,,,
134,Human,TBD,1984-11-09,33,M,NP,,,,
135,Human,TBD,1987-11-11,30,M,P,,,,
136,Human,TBD,1992-03-31,26,F,P,,,,
137,Human,TBD,1967-11-28,50,M,P,,,,
138,Human,TBD,1972-04-03,46,F,NP,,,,
139,Human,TBD,1959-09-23,58,M,NP,,,,
140,Human,TBD,1976-04-29,42,M,NP,,,,
141,Human,TBD,1996-09-11,21,M,P,,,,
142,Human,TBD,1963-10-06,54,M,NP,,,,
143,Human,TBD,1995-02-20,23,F,P,,,,
144,Human,TBD,1983-06-04,35,M,P,,,,
145,Human,TBD,1997-06-12,21,F,P,,,,
146,Human,TBD,1984-11-17,33,M,P,,,,
147,Human,TBD,1985-10-12,32,M,P,,,,
148,Human,TBD,1970-11-26,47,F,NP,,,,
149,Human,TBD,1986-10-27,31,M,P,,,,
150,Human,TBD,1959-10-07,58,F,P,,,,
151,Human,TBD,1991-06-27,27,F,NP,,,,
152,Human,TBD,1972-10-06,45,M,NP,,,,
153,Human,TBD,1986-02-20,32,M,P,,,,
154,Human,TBD,1964-01-22,54,M,P,,,,
155,Human,TBD,1973-05-25,45,F,P,,,,
156,Human,TBD,1966-07-23,52,F,NP,,,,
157,Human,TBD,1977-01-09,41,F,P,,,,
158,Human,TBD,1976-04-30,42,F,P,,,,
159,Human,TBD,1994-05-17,24,M,NP,,,,
160,Autonomous,7587221,,,,,1,ABC Systems,AD2000,2009-11-19
161,Autonomous,5392256,,,,,1,Honeywell,AD2000,2016-08-08
162,Autonomous,2268342,,,,,1,Honeywell,AD2000,2015-04-01
163,Autonomous,7606539,,,,,1,Honeywell,AD2000,2010-02-05
164,Autonomous,377972,,,,,1,Honeywell,AD2000,2011-07-31
165,Autonomous,5072246,,,,,1,Honeywell,AD2000,2015-02-24
166,Autonomous,7086827,,,,,1,Honeywell,AD2000,2010-08-14
167,Autonomous,1257985,,,,,1,Honeywell,AD2000,2014-02-27
168,Autonomous,2374132,,,,,1,Honeywell,AD2000,2009-02-21
169,Autonomous,9378986,,,,,1,Honeywell,AD2000,2015-02-22
170,Autonomous,7257898,,,,,1,Honeywell,AD2000,2009-05-28
171,Autonomous,4972651,,,,,1,Honeywell,AD2000,2012-04-14
172,Autonomous,1043722,,,,,1,ACME Corp,APS30,2008-07-30
173,Autonomous,3811004,,,,,1,ACME Corp,APS30,2011-06-27
174,Autonomous,674938,,,,,1,ACME Corp,APS30,2010-01-16
175,Autonomous,31297,,,,,1,Honeywell,AD2000,2017-06-01
176,Autonomous,5138404,,,,,1,Honeywell,AD2000,2010-02-03
177,Autonomous,6030425,,,,,1,Honeywell,AD2000,2013-11-20
178,Autonomous,4356382,,,,,1,Honeywell,AD2000,2015-03-15
179,Autonomous,9866483,,,,,1,Honeywell,AD2000,2009-06-21
180,Autonomous,3972845,,,,,1,Honeywell,AD2000,2012-11-14
181,Autonomous,1735184,,,,,1,Honeywell,AD2000,2008-08-12
182,Autonomous,4009670,,,,,1,Honeywell,AD2000,2014-05-14
183,Autonomous,4533900,,,,,1,Honeywell,AD2000,2010-06-19
184,Autonomous,2405809,,,,,1,Honeywell,AD2000,2011-03-16
185,Autonomous,1931089,,,,,1,Honeywell,AD2000,2010-08-09
186,Autonomous,7843348,,,,,1,ACME Corp,APS30,2009-05-10
187,Autonomous,5146547,,,,,1,Honeywell,AD2000,2016-07-30
188,Autonomous,436033,,,,,1,Honeywell,AD2000,2015-05-06
189,Autonomous,1936208,,,,,1,Honeywell,AD2000,2014-02-03
190,Autonomous,5342481,,,,,1,Honeywell,AD2000,2009-06-08
191,Autonomous,3362844,,,,,1,ACME Corp,APS30,2012-06-08
192,Autonomous,3181025,,,,,1,ACME Corp,APS30,2009-07-03
193,Autonomous,4447254,,,,,1,ACME Corp,APS30,2015-09-04
194,Autonomous,315154,,,,,1,ACME Corp,APS30,2009-05-03
195,Autonomous,5024086,,,,,1,ACME Corp,APS30,2011-12-09
196,Autonomous,5505514,,,,,1,ACME Corp,APS30,2016-11-18
197,Autonomous,5672546,,,,,1,ACME Corp,APS30,2012-05-28
198,Autonomous,6888814,,,,,1,Honeywell,AD2000,2016-11-17
199,Autonomous,5680851,,,,,1,Honeywell,AD2000,2008-07-15
200,Autonomous,3318091,,,,,1,Honeywell,AD2000,2011-09-15
201,Autonomous,4793621,,,,,1,Honeywell,AD2000,2017-05-27
202,Autonomous,4532650,,,,,1,Honeywell,AD2000,2012-03-19
203,Autonomous,4422848,,,,,2,ACME Corp,APSX14,2014-11-18
204,Autonomous,9690565,,,,,2,ACME Corp,APSX14,2008-11-22
205,Autonomous,8021377,,,,,2,ACME Corp,APSX14,2009-01-28
206,Autonomous,7674534,,,,,2,ACME Corp,APSX14,2017-12-05
207,Autonomous,4411651,,,,,2,ACME Corp,APSX14,2012-04-06
208,Autonomous,1624912,,,,,2,ACME Corp,APSX14,2013-12-03
209,Autonomous,333580,,,,,2,ACME Corp,APSX14,2013-07-22
210,Autonomous,2841904,,,,,2,ACME Corp,APSX14,2016-05-04
211,Autonomous,5076393,,,,,2,ACME Corp,APSX14,2016-01-07
212,Autonomous,2161558,,,,,2,ACME Corp,APSX14,2017-09-05
213,Autonomous,1349744,,,,,2,Honeywell,AD1000,2015-04-12
214,Autonomous,3154630,,,,,2,Honeywell,AD1000,2016-03-22
215,Autonomous,6418876,,,,,2,Honeywell,AD1000,2015-12-06
216,Autonomous,8602221,,,,,2,Honeywell,AD1000,2010-11-17
217,Autonomous,9259554,,,,,2,Honeywell,AD1000,2010-10-23
218,Autonomous,5516096,,,,,2,Honeywell,AD1000,2017-03-15
219,Autonomous,1143708,,,,,2,Honeywell,AD1000,2013-10-02
220,Autonomous,5086805,,,,,2,Honeywell,AD1000,2008-06-24
221,Autonomous,3035070,,,,,2,Honeywell,AD1000,2011-11-26
222,Autonomous,4996818,,,,,2,Honeywell,AD1000,2015-12-25
223,Autonomous,6318422,,,,,2,Honeywell,AD1000,2010-07-25
224,Autonomous,8722814,,,,,2,Honeywell,AD1000,2013-08-06
225,Autonomous,5010358,,,,,2,Honeywell,AD1000,2008-10-11
226,Autonomous,2261897,,,,,2,Honeywell,AD1000,2017-04-03
227,Autonomous,6326090,,,,,2,Honeywell,AD1000,2012-05-14
228,Autonomous,2733645,,,,,2,ACME Corp,APSX14,2016-09-03
229,Autonomous,6915400,,,,,2,ACME Corp,APSX14,2011-08-20
230,Autonomous,7883598,,,,,2,ACME Corp,APSX14,2009-11-01
231,Autonomous,2355632,,,,,2,ACME Corp,APSX14,2011-08-06
232,Autonomous,7819770,,,,,2,ACME Corp,APSX14,2011-08-30
233,Autonomous,4020234,,,,,2,ACME Corp,APSX14,2008-09-02
234,Autonomous,7966242,,,,,2,Honeywell,AD1000,2018-02-03
235,Autonomous,7075096,,,,,2,Honeywell,AD1000,2015-06-02
236,Autonomous,899599,,,,,2,Honeywell,AD1000,2011-01-30
237,Autonomous,3524991,,,,,2,Honeywell,AD1000,2009-03-14
238,Autonomous,4233695,,,,,2,Honeywell,AD1000,2009-04-15
239,Autonomous,7892475,,,,,2,Honeywell,AD1000,2016-04-17
240,Autonomous,9040388,,,,,2,Honeywell,AD1000,2011-01-27
241,Autonomous,8978260,,,,,2,Honeywell,AD1000,2011-10-03
242,Autonomous,763153,,,,,2,Honeywell,AD1000,2018-02-23
243,Autonomous,4853961,,,,,2,Honeywell,AD1000,2012-10-10
244,Autonomous,4717459,,,,,2,Honeywell,AD1000,2013-07-19
245,Autonomous,2525796,,,,,2,Honeywell,AD1000,2017-08-02
246,Autonomous,3299890,,,,,2,Honeywell,AD1000,2012-01-15
247,Autonomous,7993822,,,,,2,Honeywell,AD1000,2018-01-11
248,Autonomous,7825369,,,,,2,Honeywell,AD1000,2008-10-09
249,Autonomous,1062099,,,,,2,Honeywell,AD1000,2017-02-25
250,Autonomous,7086833,,,,,2,Honeywell,AD1000,2011-10-21
251,Autonomous,3713760,,,,,2,Honeywell,AD1000,2015-08-02
252,Autonomous,6803124,,,,,2,Honeywell,AD1000,2009-07-26
253,Autonomous,3367989,,,,,2,Honeywell,AD1000,2012-12-11
254,Autonomous,687925,,,,,2,Honeywell,AD1000,2010-02-11
255,Autonomous,3923738,,,,,2,Honeywell,AD1000,2014-06-05
256,Autonomous,6627769,,,,,2,Honeywell,AD1000,2018-01-27
257,Autonomous,7493647,,,,,2,Honeywell,AD1000,2016-02-08
258,Autonomous,1940094,,,,,2,Honeywell,AD1000,2016-02-09
259,Autonomous,8278083,,,,,2,Honeywell,AD1000,2012-12-17
260,Autonomous,4407490,,,,,2,Honeywell,AD1000,2010-09-15
261,Autonomous,876294,,,,,2,Honeywell,AD1000,2008-04-22
262,Autonomous,4757757,,,,,2,Honeywell,AD1000,2012-01-27
263,Autonomous,4600197,,,,,2,Honeywell,AD1000,2011-03-02
264,Autonomous,8631247,,,,,2,Honeywell,AD1000,2009-11-11
265,Autonomous,608706,,,,,2,Honeywell,AD1000,2017-03-27
266,Autonomous,3909260,,,,,2,Honeywell,AD1000,2012-09-30
